,index,time,timestamp
0,0,2023-03-30 05:52:37.272777,1680148357.272777
1,1,2023-03-30 05:52:37.806358,1680148357.806358
2,2,2023-03-30 05:52:38.351631,1680148358.351631
3,3,2023-03-30 05:52:38.891162,1680148358.891162
4,4,2023-03-30 05:52:39.518753,1680148359.518753
5,5,2023-03-30 05:52:40.057540,1680148360.05754
6,6,2023-03-30 05:52:40.552921,1680148360.552921
7,7,2023-03-30 05:52:41.089412,1680148361.089412
8,8,2023-03-30 05:52:41.628205,1680148361.628205
9,9,2023-03-30 05:52:42.164237,1680148362.164237
